,Name,Salary,Department,Experience,Bonus,New Salary
0,Ayush,334342,R & D,4,33434.200000000004,367776.2
1,Rahul,45454,HR,5,2272.7000000000003,47726.7
2,Anil,443332,Operation,3,53199.84,496531.83999999997
3,Shubham,122233,Finance,5,9778.64,132011.64
4,Parth,41242,Sales,1,1237.26,42479.26
